{
  "aws_project_region": "us-east-1",
  "aws_cognito_identity_pool_id": "us-east-1:1a4709b5-baca-4640-9698-cb8b87fe6466",
  "aws_cognito_region": "us-east-1",
  "aws_user_pools_id": "us-east-1_nwlAd9ty1",
  "aws_user_pools_web_client_id": "e41n6rqjqluhpuhshopmfaknc",
  "oauth": {
    "domain": "teralynkde824d04-de824d04-dev.auth.us-east-1.amazoncognito.com",
    "scope": [
      "phone",
      "email",
      "openid",
      "profile",
      "aws.cognito.signin.user.admin"
    ],
    "redirectSignIn": "http://localhost:3000/",
    "redirectSignOut": "http://localhost:3000/",
    "responseType": "code"
  },
  "federationTarget": "COGNITO_USER_POOLS",
  "aws_cognito_username_attributes": [],
  "aws_cognito_social_providers": [],
  "aws_cognito_signup_attributes": [
    "EMAIL"
  ],
  "aws_cognito_mfa_configuration": "OFF",
  "aws_cognito_mfa_types": [
    "SMS"
  ],
  "aws_cognito_password_protection_settings": {
    "passwordPolicyMinLength": 8,
    "passwordPolicyCharacters": []
  },
  "aws_cognito_verification_mechanisms": [
    "EMAIL"
  ]
}